,sepal-length,sepal-width,petal-length,petal-width
count,49.0,49.0,49.0,49.0
mean,5.004081632653061,3.426530612244899,1.463265306122449,0.246938775510204
std,0.3558787151038194,0.38284870282097166,0.17523065460393958,0.10626625525914948
min,4.3,2.3,1.0,0.1
25%,4.8,3.2,1.4,0.2
50%,5.0,3.4,1.5,0.2
75%,5.2,3.7,1.6,0.3
max,5.8,4.4,1.9,0.6
